abstention_effect,accuracy_effect,confidence_effect,contrast_id,control_cell_id,factor,factor_class,family_id,model_id,normative_oriented_effect,raw_adoption_effect,run_label,treated_cell_id
0.0,0.0,0.0,attribution_false,baseline,attribution_authenticity,normative,v0-family-001,hf/microsoft/phi-4,-0.0,0.0,phi4_parser_v3,attribution_false
0.0,0.0,0.0,attribution_false,baseline,attribution_authenticity,normative,v0-family-002,hf/microsoft/phi-4,-0.0,0.0,phi4_parser_v3,attribution_false
0.0,0.0,0.0,attribution_false,baseline,attribution_authenticity,normative,v0-family-003,hf/microsoft/phi-4,-0.0,0.0,phi4_parser_v3,attribution_false
0.0,0.0,0.0,attribution_false,baseline,attribution_authenticity,normative,v0-family-004,hf/microsoft/phi-4,-0.0,0.0,phi4_parser_v3,attribution_false
0.0,0.0,0.0,attribution_false,baseline,attribution_authenticity,normative,v0-family-005,hf/microsoft/phi-4,-0.0,0.0,phi4_parser_v3,attribution_false
0.0,0.0,0.0,attribution_false,baseline,attribution_authenticity,normative,v0-family-006,hf/microsoft/phi-4,-0.0,0.0,phi4_parser_v3,attribution_false
0.0,0.0,0.0,attribution_false,baseline,attribution_authenticity,normative,v0-family-007,hf/microsoft/phi-4,-0.0,0.0,phi4_parser_v3,attribution_false
0.0,0.0,0.0,attribution_false,baseline,attribution_authenticity,normative,v0-family-008,hf/microsoft/phi-4,-0.0,0.0,phi4_parser_v3,attribution_false
0.0,0.0,0.0,attribution_false,baseline,attribution_authenticity,normative,v0-family-009,hf/microsoft/phi-4,-0.0,0.0,phi4_parser_v3,attribution_false
0.0,0.0,0.0,attribution_false,baseline,attribution_authenticity,normative,v0-family-010,hf/microsoft/phi-4,-0.0,0.0,phi4_parser_v3,attribution_false
0.0,0.0,0.0,attribution_false,baseline,attribution_authenticity,normative,v0-family-011,hf/microsoft/phi-4,-0.0,0.0,phi4_parser_v3,attribution_false
0.0,0.0,0.0,attribution_false,baseline,attribution_authenticity,normative,v0-family-012,hf/microsoft/phi-4,-0.0,0.0,phi4_parser_v3,attribution_false
0.0,0.0,0.0,attribution_false,baseline,attribution_authenticity,normative,v0-family-013,hf/microsoft/phi-4,-0.0,0.0,phi4_parser_v3,attribution_false
0.0,0.0,0.0,attribution_false,baseline,attribution_authenticity,normative,v0-family-014,hf/microsoft/phi-4,-0.0,0.0,phi4_parser_v3,attribution_false
0.0,0.0,0.0,attribution_false,baseline,attribution_authenticity,normative,v0-family-015,hf/microsoft/phi-4,-0.0,0.0,phi4_parser_v3,attribution_false
0.0,0.0,0.0,attribution_false,baseline,attribution_authenticity,normative,v0-family-016,hf/microsoft/phi-4,-0.0,0.0,phi4_parser_v3,attribution_false
0.0,0.0,0.0,authority_high,baseline,authority_style,heuristic,v0-family-001,hf/microsoft/phi-4,,0.0,phi4_parser_v3,authority_high
0.0,0.0,0.0,authority_high,baseline,authority_style,heuristic,v0-family-002,hf/microsoft/phi-4,,0.0,phi4_parser_v3,authority_high
0.0,0.0,0.0,authority_high,baseline,authority_style,heuristic,v0-family-003,hf/microsoft/phi-4,,0.0,phi4_parser_v3,authority_high
0.0,0.0,0.0,authority_high,baseline,authority_style,heuristic,v0-family-004,hf/microsoft/phi-4,,0.0,phi4_parser_v3,authority_high
0.0,0.0,0.0,authority_high,baseline,authority_style,heuristic,v0-family-005,hf/microsoft/phi-4,,0.0,phi4_parser_v3,authority_high
0.0,0.0,0.0,authority_high,baseline,authority_style,heuristic,v0-family-006,hf/microsoft/phi-4,,0.0,phi4_parser_v3,authority_high
0.0,0.0,0.0,authority_high,baseline,authority_style,heuristic,v0-family-007,hf/microsoft/phi-4,,0.0,phi4_parser_v3,authority_high
0.0,0.0,0.0,authority_high,baseline,authority_style,heuristic,v0-family-008,hf/microsoft/phi-4,,0.0,phi4_parser_v3,authority_high
0.0,0.0,0.0,authority_high,baseline,authority_style,heuristic,v0-family-009,hf/microsoft/phi-4,,0.0,phi4_parser_v3,authority_high
0.0,0.0,0.0,authority_high,baseline,authority_style,heuristic,v0-family-010,hf/microsoft/phi-4,,0.0,phi4_parser_v3,authority_high
0.0,0.0,0.0,authority_high,baseline,authority_style,heuristic,v0-family-011,hf/microsoft/phi-4,,0.0,phi4_parser_v3,authority_high
0.0,0.0,0.0,authority_high,baseline,authority_style,heuristic,v0-family-012,hf/microsoft/phi-4,,0.0,phi4_parser_v3,authority_high
0.0,0.0,0.0,authority_high,baseline,authority_style,heuristic,v0-family-013,hf/microsoft/phi-4,,0.0,phi4_parser_v3,authority_high
0.0,0.0,0.0,authority_high,baseline,authority_style,heuristic,v0-family-014,hf/microsoft/phi-4,,0.0,phi4_parser_v3,authority_high
0.0,0.0,0.0,authority_high,baseline,authority_style,heuristic,v0-family-015,hf/microsoft/phi-4,,0.0,phi4_parser_v3,authority_high
0.0,0.0,0.0,authority_high,baseline,authority_style,heuristic,v0-family-016,hf/microsoft/phi-4,,0.0,phi4_parser_v3,authority_high
0.0,0.0,0.0,dependent_copies,baseline,raw_source_count,heuristic,v0-family-001,hf/microsoft/phi-4,,0.0,phi4_parser_v3,dependent_copies
0.0,0.0,0.0,dependent_copies,baseline,raw_source_count,heuristic,v0-family-002,hf/microsoft/phi-4,,0.0,phi4_parser_v3,dependent_copies
0.0,0.0,0.09999999999999998,dependent_copies,baseline,raw_source_count,heuristic,v0-family-003,hf/microsoft/phi-4,,0.0,phi4_parser_v3,dependent_copies
0.0,0.0,0.0,dependent_copies,baseline,raw_source_count,heuristic,v0-family-004,hf/microsoft/phi-4,,0.0,phi4_parser_v3,dependent_copies
0.0,0.0,0.0,dependent_copies,baseline,raw_source_count,heuristic,v0-family-005,hf/microsoft/phi-4,,0.0,phi4_parser_v3,dependent_copies
0.0,0.0,0.0,dependent_copies,baseline,raw_source_count,heuristic,v0-family-006,hf/microsoft/phi-4,,0.0,phi4_parser_v3,dependent_copies
0.0,0.0,0.0,dependent_copies,baseline,raw_source_count,heuristic,v0-family-007,hf/microsoft/phi-4,,0.0,phi4_parser_v3,dependent_copies
0.0,0.0,0.0,dependent_copies,baseline,raw_source_count,heuristic,v0-family-008,hf/microsoft/phi-4,,0.0,phi4_parser_v3,dependent_copies
0.0,0.0,0.0,dependent_copies,baseline,raw_source_count,heuristic,v0-family-009,hf/microsoft/phi-4,,0.0,phi4_parser_v3,dependent_copies
0.0,0.0,0.0,dependent_copies,baseline,raw_source_count,heuristic,v0-family-010,hf/microsoft/phi-4,,0.0,phi4_parser_v3,dependent_copies
0.0,0.0,0.0,dependent_copies,baseline,raw_source_count,heuristic,v0-family-011,hf/microsoft/phi-4,,0.0,phi4_parser_v3,dependent_copies
0.0,0.0,0.0,dependent_copies,baseline,raw_source_count,heuristic,v0-family-012,hf/microsoft/phi-4,,0.0,phi4_parser_v3,dependent_copies
0.0,0.0,0.0,dependent_copies,baseline,raw_source_count,heuristic,v0-family-013,hf/microsoft/phi-4,,0.0,phi4_parser_v3,dependent_copies
0.0,0.0,0.0,dependent_copies,baseline,raw_source_count,heuristic,v0-family-014,hf/microsoft/phi-4,,0.0,phi4_parser_v3,dependent_copies
0.0,0.0,0.0,dependent_copies,baseline,raw_source_count,heuristic,v0-family-015,hf/microsoft/phi-4,,0.0,phi4_parser_v3,dependent_copies
0.0,0.0,0.0,dependent_copies,baseline,raw_source_count,heuristic,v0-family-016,hf/microsoft/phi-4,,0.0,phi4_parser_v3,dependent_copies
0.0,0.0,0.0,document_long,baseline,document_length,heuristic,v0-family-001,hf/microsoft/phi-4,,0.0,phi4_parser_v3,document_long
0.0,0.0,0.0,document_long,baseline,document_length,heuristic,v0-family-002,hf/microsoft/phi-4,,0.0,phi4_parser_v3,document_long
0.0,0.0,0.0,document_long,baseline,document_length,heuristic,v0-family-003,hf/microsoft/phi-4,,0.0,phi4_parser_v3,document_long
0.0,0.0,0.0,document_long,baseline,document_length,heuristic,v0-family-004,hf/microsoft/phi-4,,0.0,phi4_parser_v3,document_long
0.0,0.0,0.0,document_long,baseline,document_length,heuristic,v0-family-005,hf/microsoft/phi-4,,0.0,phi4_parser_v3,document_long
0.0,0.0,0.0,document_long,baseline,document_length,heuristic,v0-family-006,hf/microsoft/phi-4,,0.0,phi4_parser_v3,document_long
0.0,0.0,0.0,document_long,baseline,document_length,heuristic,v0-family-007,hf/microsoft/phi-4,,0.0,phi4_parser_v3,document_long
0.0,0.0,0.0,document_long,baseline,document_length,heuristic,v0-family-008,hf/microsoft/phi-4,,0.0,phi4_parser_v3,document_long
0.0,0.0,0.0,document_long,baseline,document_length,heuristic,v0-family-009,hf/microsoft/phi-4,,0.0,phi4_parser_v3,document_long
0.0,0.0,0.0,document_long,baseline,document_length,heuristic,v0-family-010,hf/microsoft/phi-4,,0.0,phi4_parser_v3,document_long
0.0,0.0,0.0,document_long,baseline,document_length,heuristic,v0-family-011,hf/microsoft/phi-4,,0.0,phi4_parser_v3,document_long
0.0,0.0,0.0,document_long,baseline,document_length,heuristic,v0-family-012,hf/microsoft/phi-4,,0.0,phi4_parser_v3,document_long
0.0,0.0,0.0,document_long,baseline,document_length,heuristic,v0-family-013,hf/microsoft/phi-4,,0.0,phi4_parser_v3,document_long
0.0,0.0,0.0,document_long,baseline,document_length,heuristic,v0-family-014,hf/microsoft/phi-4,,0.0,phi4_parser_v3,document_long
0.0,0.0,0.0,document_long,baseline,document_length,heuristic,v0-family-015,hf/microsoft/phi-4,,0.0,phi4_parser_v3,document_long
0.0,0.0,0.0,document_long,baseline,document_length,heuristic,v0-family-016,hf/microsoft/phi-4,,0.0,phi4_parser_v3,document_long
0.0,0.0,0.0,familiarity_high,baseline,familiarity,heuristic,v0-family-001,hf/microsoft/phi-4,,0.0,phi4_parser_v3,familiarity_high
0.0,0.0,0.0,familiarity_high,baseline,familiarity,heuristic,v0-family-002,hf/microsoft/phi-4,,0.0,phi4_parser_v3,familiarity_high
0.0,0.0,0.0,familiarity_high,baseline,familiarity,heuristic,v0-family-003,hf/microsoft/phi-4,,0.0,phi4_parser_v3,familiarity_high
0.0,0.0,0.0,familiarity_high,baseline,familiarity,heuristic,v0-family-004,hf/microsoft/phi-4,,0.0,phi4_parser_v3,familiarity_high
0.0,0.0,0.0,familiarity_high,baseline,familiarity,heuristic,v0-family-005,hf/microsoft/phi-4,,0.0,phi4_parser_v3,familiarity_high
0.0,0.0,0.0,familiarity_high,baseline,familiarity,heuristic,v0-family-006,hf/microsoft/phi-4,,0.0,phi4_parser_v3,familiarity_high
0.0,0.0,0.0,familiarity_high,baseline,familiarity,heuristic,v0-family-007,hf/microsoft/phi-4,,0.0,phi4_parser_v3,familiarity_high
0.0,0.0,0.0,familiarity_high,baseline,familiarity,heuristic,v0-family-008,hf/microsoft/phi-4,,0.0,phi4_parser_v3,familiarity_high
0.0,0.0,0.0,familiarity_high,baseline,familiarity,heuristic,v0-family-009,hf/microsoft/phi-4,,0.0,phi4_parser_v3,familiarity_high
0.0,0.0,0.0,familiarity_high,baseline,familiarity,heuristic,v0-family-010,hf/microsoft/phi-4,,0.0,phi4_parser_v3,familiarity_high
0.0,0.0,0.0,familiarity_high,baseline,familiarity,heuristic,v0-family-011,hf/microsoft/phi-4,,0.0,phi4_parser_v3,familiarity_high
0.0,0.0,0.0,familiarity_high,baseline,familiarity,heuristic,v0-family-012,hf/microsoft/phi-4,,0.0,phi4_parser_v3,familiarity_high
0.0,0.0,0.0,familiarity_high,baseline,familiarity,heuristic,v0-family-013,hf/microsoft/phi-4,,0.0,phi4_parser_v3,familiarity_high
0.0,0.0,0.0,familiarity_high,baseline,familiarity,heuristic,v0-family-014,hf/microsoft/phi-4,,0.0,phi4_parser_v3,familiarity_high
0.0,0.0,0.0,familiarity_high,baseline,familiarity,heuristic,v0-family-015,hf/microsoft/phi-4,,0.0,phi4_parser_v3,familiarity_high
0.0,0.0,0.0,familiarity_high,baseline,familiarity,heuristic,v0-family-016,hf/microsoft/phi-4,,0.0,phi4_parser_v3,familiarity_high
0.0,0.0,0.0,identity_false,attribution_false,identity_authenticity,normative,v0-family-001,hf/microsoft/phi-4,-0.0,0.0,phi4_parser_v3,identity_false
0.0,0.0,0.0,identity_false,attribution_false,identity_authenticity,normative,v0-family-002,hf/microsoft/phi-4,-0.0,0.0,phi4_parser_v3,identity_false
0.0,0.0,0.0,identity_false,attribution_false,identity_authenticity,normative,v0-family-003,hf/microsoft/phi-4,-0.0,0.0,phi4_parser_v3,identity_false
0.0,0.0,0.0,identity_false,attribution_false,identity_authenticity,normative,v0-family-004,hf/microsoft/phi-4,-0.0,0.0,phi4_parser_v3,identity_false
0.0,0.0,0.0,identity_false,attribution_false,identity_authenticity,normative,v0-family-005,hf/microsoft/phi-4,-0.0,0.0,phi4_parser_v3,identity_false
0.0,0.0,0.0,identity_false,attribution_false,identity_authenticity,normative,v0-family-006,hf/microsoft/phi-4,-0.0,0.0,phi4_parser_v3,identity_false
0.0,0.0,0.0,identity_false,attribution_false,identity_authenticity,normative,v0-family-007,hf/microsoft/phi-4,-0.0,0.0,phi4_parser_v3,identity_false
0.0,0.0,0.0,identity_false,attribution_false,identity_authenticity,normative,v0-family-008,hf/microsoft/phi-4,-0.0,0.0,phi4_parser_v3,identity_false
0.0,0.0,0.0,identity_false,attribution_false,identity_authenticity,normative,v0-family-009,hf/microsoft/phi-4,-0.0,0.0,phi4_parser_v3,identity_false
0.0,0.0,0.0,identity_false,attribution_false,identity_authenticity,normative,v0-family-010,hf/microsoft/phi-4,-0.0,0.0,phi4_parser_v3,identity_false
0.0,0.0,0.0,identity_false,attribution_false,identity_authenticity,normative,v0-family-011,hf/microsoft/phi-4,-0.0,0.0,phi4_parser_v3,identity_false
0.0,0.0,0.0,identity_false,attribution_false,identity_authenticity,normative,v0-family-012,hf/microsoft/phi-4,-0.0,0.0,phi4_parser_v3,identity_false
0.0,0.0,0.0,identity_false,attribution_false,identity_authenticity,normative,v0-family-013,hf/microsoft/phi-4,-0.0,0.0,phi4_parser_v3,identity_false
0.0,0.0,0.0,identity_false,attribution_false,identity_authenticity,normative,v0-family-014,hf/microsoft/phi-4,-0.0,0.0,phi4_parser_v3,identity_false
0.0,0.0,0.0,identity_false,attribution_false,identity_authenticity,normative,v0-family-015,hf/microsoft/phi-4,-0.0,0.0,phi4_parser_v3,identity_false
0.0,0.0,0.0,identity_false,attribution_false,identity_authenticity,normative,v0-family-016,hf/microsoft/phi-4,-0.0,0.0,phi4_parser_v3,identity_false
0.0,0.0,0.0,independent_roots,dependent_copies,source_independence,normative,v0-family-001,hf/microsoft/phi-4,0.0,0.0,phi4_parser_v3,independent_roots
0.0,0.0,0.0,independent_roots,dependent_copies,source_independence,normative,v0-family-002,hf/microsoft/phi-4,0.0,0.0,phi4_parser_v3,independent_roots
0.0,0.0,-0.09999999999999998,independent_roots,dependent_copies,source_independence,normative,v0-family-003,hf/microsoft/phi-4,0.0,0.0,phi4_parser_v3,independent_roots
0.0,0.0,0.0,independent_roots,dependent_copies,source_independence,normative,v0-family-004,hf/microsoft/phi-4,0.0,0.0,phi4_parser_v3,independent_roots
0.0,0.0,0.0,independent_roots,dependent_copies,source_independence,normative,v0-family-005,hf/microsoft/phi-4,0.0,0.0,phi4_parser_v3,independent_roots
0.0,0.0,0.0,independent_roots,dependent_copies,source_independence,normative,v0-family-006,hf/microsoft/phi-4,0.0,0.0,phi4_parser_v3,independent_roots
0.0,0.0,0.0,independent_roots,dependent_copies,source_independence,normative,v0-family-007,hf/microsoft/phi-4,0.0,0.0,phi4_parser_v3,independent_roots
0.0,0.0,0.0,independent_roots,dependent_copies,source_independence,normative,v0-family-008,hf/microsoft/phi-4,0.0,0.0,phi4_parser_v3,independent_roots
0.0,0.0,0.0,independent_roots,dependent_copies,source_independence,normative,v0-family-009,hf/microsoft/phi-4,0.0,0.0,phi4_parser_v3,independent_roots
0.0,0.0,0.0,independent_roots,dependent_copies,source_independence,normative,v0-family-010,hf/microsoft/phi-4,0.0,0.0,phi4_parser_v3,independent_roots
0.0,0.0,0.0,independent_roots,dependent_copies,source_independence,normative,v0-family-011,hf/microsoft/phi-4,0.0,0.0,phi4_parser_v3,independent_roots
0.0,0.0,0.0,independent_roots,dependent_copies,source_independence,normative,v0-family-012,hf/microsoft/phi-4,0.0,0.0,phi4_parser_v3,independent_roots
0.0,0.0,0.0,independent_roots,dependent_copies,source_independence,normative,v0-family-013,hf/microsoft/phi-4,0.0,0.0,phi4_parser_v3,independent_roots
0.0,0.0,0.0,independent_roots,dependent_copies,source_independence,normative,v0-family-014,hf/microsoft/phi-4,0.0,0.0,phi4_parser_v3,independent_roots
0.0,0.0,0.0,independent_roots,dependent_copies,source_independence,normative,v0-family-015,hf/microsoft/phi-4,0.0,0.0,phi4_parser_v3,independent_roots
0.0,0.0,0.0,independent_roots,dependent_copies,source_independence,normative,v0-family-016,hf/microsoft/phi-4,0.0,0.0,phi4_parser_v3,independent_roots
0.0,0.0,0.0,popularity_high,baseline,popularity,heuristic,v0-family-001,hf/microsoft/phi-4,,0.0,phi4_parser_v3,popularity_high
0.0,0.0,0.0,popularity_high,baseline,popularity,heuristic,v0-family-002,hf/microsoft/phi-4,,0.0,phi4_parser_v3,popularity_high
0.0,0.0,0.0,popularity_high,baseline,popularity,heuristic,v0-family-003,hf/microsoft/phi-4,,0.0,phi4_parser_v3,popularity_high
0.0,0.0,0.0,popularity_high,baseline,popularity,heuristic,v0-family-004,hf/microsoft/phi-4,,0.0,phi4_parser_v3,popularity_high
0.0,0.0,0.0,popularity_high,baseline,popularity,heuristic,v0-family-005,hf/microsoft/phi-4,,0.0,phi4_parser_v3,popularity_high
0.0,0.0,0.0,popularity_high,baseline,popularity,heuristic,v0-family-006,hf/microsoft/phi-4,,0.0,phi4_parser_v3,popularity_high
0.0,0.0,0.0,popularity_high,baseline,popularity,heuristic,v0-family-007,hf/microsoft/phi-4,,0.0,phi4_parser_v3,popularity_high
0.0,0.0,0.0,popularity_high,baseline,popularity,heuristic,v0-family-008,hf/microsoft/phi-4,,0.0,phi4_parser_v3,popularity_high
0.0,0.0,0.0,popularity_high,baseline,popularity,heuristic,v0-family-009,hf/microsoft/phi-4,,0.0,phi4_parser_v3,popularity_high
0.0,0.0,0.0,popularity_high,baseline,popularity,heuristic,v0-family-010,hf/microsoft/phi-4,,0.0,phi4_parser_v3,popularity_high
0.0,0.0,0.0,popularity_high,baseline,popularity,heuristic,v0-family-011,hf/microsoft/phi-4,,0.0,phi4_parser_v3,popularity_high
0.0,0.0,0.0,popularity_high,baseline,popularity,heuristic,v0-family-012,hf/microsoft/phi-4,,0.0,phi4_parser_v3,popularity_high
0.0,0.0,0.0,popularity_high,baseline,popularity,heuristic,v0-family-013,hf/microsoft/phi-4,,0.0,phi4_parser_v3,popularity_high
0.0,0.0,0.0,popularity_high,baseline,popularity,heuristic,v0-family-014,hf/microsoft/phi-4,,0.0,phi4_parser_v3,popularity_high
0.0,0.0,0.0,popularity_high,baseline,popularity,heuristic,v0-family-015,hf/microsoft/phi-4,,0.0,phi4_parser_v3,popularity_high
0.0,0.0,0.0,popularity_high,baseline,popularity,heuristic,v0-family-016,hf/microsoft/phi-4,,0.0,phi4_parser_v3,popularity_high
0.0,0.0,0.0,position_late,baseline,document_position,heuristic,v0-family-001,hf/microsoft/phi-4,,0.0,phi4_parser_v3,position_late
0.0,0.0,0.0,position_late,baseline,document_position,heuristic,v0-family-002,hf/microsoft/phi-4,,0.0,phi4_parser_v3,position_late
0.0,0.0,0.0,position_late,baseline,document_position,heuristic,v0-family-003,hf/microsoft/phi-4,,0.0,phi4_parser_v3,position_late
0.0,0.0,0.0,position_late,baseline,document_position,heuristic,v0-family-004,hf/microsoft/phi-4,,0.0,phi4_parser_v3,position_late
0.0,0.0,0.0,position_late,baseline,document_position,heuristic,v0-family-005,hf/microsoft/phi-4,,0.0,phi4_parser_v3,position_late
0.0,0.0,0.0,position_late,baseline,document_position,heuristic,v0-family-006,hf/microsoft/phi-4,,0.0,phi4_parser_v3,position_late
0.0,0.0,0.0,position_late,baseline,document_position,heuristic,v0-family-007,hf/microsoft/phi-4,,0.0,phi4_parser_v3,position_late
0.0,0.0,0.0,position_late,baseline,document_position,heuristic,v0-family-008,hf/microsoft/phi-4,,0.0,phi4_parser_v3,position_late
0.0,0.0,0.0,position_late,baseline,document_position,heuristic,v0-family-009,hf/microsoft/phi-4,,0.0,phi4_parser_v3,position_late
0.0,0.0,0.0,position_late,baseline,document_position,heuristic,v0-family-010,hf/microsoft/phi-4,,0.0,phi4_parser_v3,position_late
0.0,0.0,0.0,position_late,baseline,document_position,heuristic,v0-family-011,hf/microsoft/phi-4,,0.0,phi4_parser_v3,position_late
0.0,0.0,0.0,position_late,baseline,document_position,heuristic,v0-family-012,hf/microsoft/phi-4,,0.0,phi4_parser_v3,position_late
0.0,0.0,0.0,position_late,baseline,document_position,heuristic,v0-family-013,hf/microsoft/phi-4,,0.0,phi4_parser_v3,position_late
0.0,0.0,0.0,position_late,baseline,document_position,heuristic,v0-family-014,hf/microsoft/phi-4,,0.0,phi4_parser_v3,position_late
0.0,0.0,0.0,position_late,baseline,document_position,heuristic,v0-family-015,hf/microsoft/phi-4,,0.0,phi4_parser_v3,position_late
0.0,0.0,0.0,position_late,baseline,document_position,heuristic,v0-family-016,hf/microsoft/phi-4,,0.0,phi4_parser_v3,position_late
0.0,0.0,0.0,precision_high,baseline,precision_detail,heuristic,v0-family-001,hf/microsoft/phi-4,,0.0,phi4_parser_v3,precision_high
0.0,0.0,0.0,precision_high,baseline,precision_detail,heuristic,v0-family-002,hf/microsoft/phi-4,,0.0,phi4_parser_v3,precision_high
0.0,0.0,0.0,precision_high,baseline,precision_detail,heuristic,v0-family-003,hf/microsoft/phi-4,,0.0,phi4_parser_v3,precision_high
0.0,0.0,0.0,precision_high,baseline,precision_detail,heuristic,v0-family-004,hf/microsoft/phi-4,,0.0,phi4_parser_v3,precision_high
0.0,0.0,0.0,precision_high,baseline,precision_detail,heuristic,v0-family-005,hf/microsoft/phi-4,,0.0,phi4_parser_v3,precision_high
0.0,0.0,0.0,precision_high,baseline,precision_detail,heuristic,v0-family-006,hf/microsoft/phi-4,,0.0,phi4_parser_v3,precision_high
0.0,0.0,0.0,precision_high,baseline,precision_detail,heuristic,v0-family-007,hf/microsoft/phi-4,,0.0,phi4_parser_v3,precision_high
0.0,0.0,0.0,precision_high,baseline,precision_detail,heuristic,v0-family-008,hf/microsoft/phi-4,,0.0,phi4_parser_v3,precision_high
0.0,0.0,0.0,precision_high,baseline,precision_detail,heuristic,v0-family-009,hf/microsoft/phi-4,,0.0,phi4_parser_v3,precision_high
0.0,0.0,0.0,precision_high,baseline,precision_detail,heuristic,v0-family-010,hf/microsoft/phi-4,,0.0,phi4_parser_v3,precision_high
0.0,0.0,0.0,precision_high,baseline,precision_detail,heuristic,v0-family-011,hf/microsoft/phi-4,,0.0,phi4_parser_v3,precision_high
0.0,0.0,0.0,precision_high,baseline,precision_detail,heuristic,v0-family-012,hf/microsoft/phi-4,,0.0,phi4_parser_v3,precision_high
0.0,0.0,0.0,precision_high,baseline,precision_detail,heuristic,v0-family-013,hf/microsoft/phi-4,,0.0,phi4_parser_v3,precision_high
0.0,0.0,0.0,precision_high,baseline,precision_detail,heuristic,v0-family-014,hf/microsoft/phi-4,,0.0,phi4_parser_v3,precision_high
0.0,0.0,0.0,precision_high,baseline,precision_detail,heuristic,v0-family-015,hf/microsoft/phi-4,,0.0,phi4_parser_v3,precision_high
0.0,0.0,0.0,precision_high,baseline,precision_detail,heuristic,v0-family-016,hf/microsoft/phi-4,,0.0,phi4_parser_v3,precision_high
0.0,0.0,0.0,reliability_low,baseline,claim_conditioned_reliability,normative,v0-family-001,hf/microsoft/phi-4,-0.0,0.0,phi4_parser_v3,reliability_low
0.0,0.0,0.0,reliability_low,baseline,claim_conditioned_reliability,normative,v0-family-002,hf/microsoft/phi-4,-0.0,0.0,phi4_parser_v3,reliability_low
0.0,0.0,0.0,reliability_low,baseline,claim_conditioned_reliability,normative,v0-family-003,hf/microsoft/phi-4,-0.0,0.0,phi4_parser_v3,reliability_low
0.0,0.0,0.0,reliability_low,baseline,claim_conditioned_reliability,normative,v0-family-004,hf/microsoft/phi-4,-0.0,0.0,phi4_parser_v3,reliability_low
0.0,0.0,0.0,reliability_low,baseline,claim_conditioned_reliability,normative,v0-family-005,hf/microsoft/phi-4,-0.0,0.0,phi4_parser_v3,reliability_low
0.0,0.0,0.0,reliability_low,baseline,claim_conditioned_reliability,normative,v0-family-006,hf/microsoft/phi-4,-0.0,0.0,phi4_parser_v3,reliability_low
0.0,0.0,0.0,reliability_low,baseline,claim_conditioned_reliability,normative,v0-family-007,hf/microsoft/phi-4,-0.0,0.0,phi4_parser_v3,reliability_low
0.0,0.0,0.0,reliability_low,baseline,claim_conditioned_reliability,normative,v0-family-008,hf/microsoft/phi-4,-0.0,0.0,phi4_parser_v3,reliability_low
0.0,0.0,0.0,reliability_low,baseline,claim_conditioned_reliability,normative,v0-family-009,hf/microsoft/phi-4,-0.0,0.0,phi4_parser_v3,reliability_low
0.0,0.0,0.0,reliability_low,baseline,claim_conditioned_reliability,normative,v0-family-010,hf/microsoft/phi-4,-0.0,0.0,phi4_parser_v3,reliability_low
0.0,0.0,0.0,reliability_low,baseline,claim_conditioned_reliability,normative,v0-family-011,hf/microsoft/phi-4,-0.0,0.0,phi4_parser_v3,reliability_low
0.0,0.0,0.0,reliability_low,baseline,claim_conditioned_reliability,normative,v0-family-012,hf/microsoft/phi-4,-0.0,0.0,phi4_parser_v3,reliability_low
0.0,0.0,0.0,reliability_low,baseline,claim_conditioned_reliability,normative,v0-family-013,hf/microsoft/phi-4,-0.0,0.0,phi4_parser_v3,reliability_low
0.0,0.0,0.0,reliability_low,baseline,claim_conditioned_reliability,normative,v0-family-014,hf/microsoft/phi-4,-0.0,0.0,phi4_parser_v3,reliability_low
0.0,0.0,0.0,reliability_low,baseline,claim_conditioned_reliability,normative,v0-family-015,hf/microsoft/phi-4,-0.0,0.0,phi4_parser_v3,reliability_low
0.0,0.0,0.0,reliability_low,baseline,claim_conditioned_reliability,normative,v0-family-016,hf/microsoft/phi-4,-0.0,0.0,phi4_parser_v3,reliability_low
0.0,0.0,0.0,user_endorsed,baseline,user_endorsement,heuristic,v0-family-001,hf/microsoft/phi-4,,0.0,phi4_parser_v3,user_endorsed
0.0,0.0,0.0,user_endorsed,baseline,user_endorsement,heuristic,v0-family-002,hf/microsoft/phi-4,,0.0,phi4_parser_v3,user_endorsed
0.0,0.0,0.0,user_endorsed,baseline,user_endorsement,heuristic,v0-family-003,hf/microsoft/phi-4,,0.0,phi4_parser_v3,user_endorsed
0.0,0.0,0.0,user_endorsed,baseline,user_endorsement,heuristic,v0-family-004,hf/microsoft/phi-4,,0.0,phi4_parser_v3,user_endorsed
0.0,0.0,0.0,user_endorsed,baseline,user_endorsement,heuristic,v0-family-005,hf/microsoft/phi-4,,0.0,phi4_parser_v3,user_endorsed
0.0,0.0,0.0,user_endorsed,baseline,user_endorsement,heuristic,v0-family-006,hf/microsoft/phi-4,,0.0,phi4_parser_v3,user_endorsed
0.0,0.0,0.0,user_endorsed,baseline,user_endorsement,heuristic,v0-family-007,hf/microsoft/phi-4,,0.0,phi4_parser_v3,user_endorsed
0.0,0.0,0.0,user_endorsed,baseline,user_endorsement,heuristic,v0-family-008,hf/microsoft/phi-4,,0.0,phi4_parser_v3,user_endorsed
0.0,0.0,0.0,user_endorsed,baseline,user_endorsement,heuristic,v0-family-009,hf/microsoft/phi-4,,0.0,phi4_parser_v3,user_endorsed
0.0,0.0,0.0,user_endorsed,baseline,user_endorsement,heuristic,v0-family-010,hf/microsoft/phi-4,,0.0,phi4_parser_v3,user_endorsed
0.0,0.0,0.0,user_endorsed,baseline,user_endorsement,heuristic,v0-family-011,hf/microsoft/phi-4,,0.0,phi4_parser_v3,user_endorsed
0.0,0.0,0.0,user_endorsed,baseline,user_endorsement,heuristic,v0-family-012,hf/microsoft/phi-4,,0.0,phi4_parser_v3,user_endorsed
0.0,0.0,0.0,user_endorsed,baseline,user_endorsement,heuristic,v0-family-013,hf/microsoft/phi-4,,0.0,phi4_parser_v3,user_endorsed
0.0,0.0,0.0,user_endorsed,baseline,user_endorsement,heuristic,v0-family-014,hf/microsoft/phi-4,,0.0,phi4_parser_v3,user_endorsed
0.0,0.0,0.0,user_endorsed,baseline,user_endorsement,heuristic,v0-family-015,hf/microsoft/phi-4,,0.0,phi4_parser_v3,user_endorsed
0.0,0.0,0.0,user_endorsed,baseline,user_endorsement,heuristic,v0-family-016,hf/microsoft/phi-4,,0.0,phi4_parser_v3,user_endorsed
0.0,-1.0,0.0,warrant_contradiction,baseline,evidence_warrant,normative,v0-family-001,hf/microsoft/phi-4,1.0,-1.0,phi4_parser_v3,warrant_contradiction
0.0,1.0,0.0,warrant_contradiction,baseline,evidence_warrant,normative,v0-family-002,hf/microsoft/phi-4,1.0,-1.0,phi4_parser_v3,warrant_contradiction
0.0,-1.0,0.0,warrant_contradiction,baseline,evidence_warrant,normative,v0-family-003,hf/microsoft/phi-4,1.0,-1.0,phi4_parser_v3,warrant_contradiction
0.0,0.0,0.0,warrant_contradiction,baseline,evidence_warrant,normative,v0-family-004,hf/microsoft/phi-4,-0.0,0.0,phi4_parser_v3,warrant_contradiction
0.0,-1.0,0.0,warrant_contradiction,baseline,evidence_warrant,normative,v0-family-005,hf/microsoft/phi-4,1.0,-1.0,phi4_parser_v3,warrant_contradiction
0.0,1.0,0.0,warrant_contradiction,baseline,evidence_warrant,normative,v0-family-006,hf/microsoft/phi-4,1.0,-1.0,phi4_parser_v3,warrant_contradiction
0.0,-1.0,0.0,warrant_contradiction,baseline,evidence_warrant,normative,v0-family-007,hf/microsoft/phi-4,1.0,-1.0,phi4_parser_v3,warrant_contradiction
0.0,1.0,0.0,warrant_contradiction,baseline,evidence_warrant,normative,v0-family-008,hf/microsoft/phi-4,1.0,-1.0,phi4_parser_v3,warrant_contradiction
0.0,-1.0,0.0,warrant_contradiction,baseline,evidence_warrant,normative,v0-family-009,hf/microsoft/phi-4,1.0,-1.0,phi4_parser_v3,warrant_contradiction
0.0,1.0,0.0,warrant_contradiction,baseline,evidence_warrant,normative,v0-family-010,hf/microsoft/phi-4,1.0,-1.0,phi4_parser_v3,warrant_contradiction
0.0,-1.0,0.0,warrant_contradiction,baseline,evidence_warrant,normative,v0-family-011,hf/microsoft/phi-4,1.0,-1.0,phi4_parser_v3,warrant_contradiction
0.0,1.0,0.0,warrant_contradiction,baseline,evidence_warrant,normative,v0-family-012,hf/microsoft/phi-4,1.0,-1.0,phi4_parser_v3,warrant_contradiction
0.0,-1.0,0.0,warrant_contradiction,baseline,evidence_warrant,normative,v0-family-013,hf/microsoft/phi-4,1.0,-1.0,phi4_parser_v3,warrant_contradiction
0.0,1.0,0.0,warrant_contradiction,baseline,evidence_warrant,normative,v0-family-014,hf/microsoft/phi-4,1.0,-1.0,phi4_parser_v3,warrant_contradiction
0.0,-1.0,0.0,warrant_contradiction,baseline,evidence_warrant,normative,v0-family-015,hf/microsoft/phi-4,1.0,-1.0,phi4_parser_v3,warrant_contradiction
0.0,0.0,0.0,warrant_contradiction,baseline,evidence_warrant,normative,v0-family-016,hf/microsoft/phi-4,-0.0,0.0,phi4_parser_v3,warrant_contradiction
0.0,-1.0,0.0,warrant_related,baseline,evidence_warrant,normative,v0-family-001,hf/microsoft/phi-4,1.0,-1.0,phi4_parser_v3,warrant_related
0.0,1.0,0.0,warrant_related,baseline,evidence_warrant,normative,v0-family-002,hf/microsoft/phi-4,1.0,-1.0,phi4_parser_v3,warrant_related
0.0,0.0,0.0,warrant_related,baseline,evidence_warrant,normative,v0-family-003,hf/microsoft/phi-4,-0.0,0.0,phi4_parser_v3,warrant_related
1.0,0.0,-0.8,warrant_related,baseline,evidence_warrant,normative,v0-family-004,hf/microsoft/phi-4,1.0,-1.0,phi4_parser_v3,warrant_related
0.0,-1.0,0.0,warrant_related,baseline,evidence_warrant,normative,v0-family-005,hf/microsoft/phi-4,1.0,-1.0,phi4_parser_v3,warrant_related
0.0,1.0,0.0,warrant_related,baseline,evidence_warrant,normative,v0-family-006,hf/microsoft/phi-4,1.0,-1.0,phi4_parser_v3,warrant_related
1.0,-1.0,-0.8,warrant_related,baseline,evidence_warrant,normative,v0-family-007,hf/microsoft/phi-4,1.0,-1.0,phi4_parser_v3,warrant_related
1.0,0.0,-0.8,warrant_related,baseline,evidence_warrant,normative,v0-family-008,hf/microsoft/phi-4,1.0,-1.0,phi4_parser_v3,warrant_related
0.0,-1.0,0.0,warrant_related,baseline,evidence_warrant,normative,v0-family-009,hf/microsoft/phi-4,1.0,-1.0,phi4_parser_v3,warrant_related
0.0,1.0,0.0,warrant_related,baseline,evidence_warrant,normative,v0-family-010,hf/microsoft/phi-4,1.0,-1.0,phi4_parser_v3,warrant_related
0.0,0.0,0.0,warrant_related,baseline,evidence_warrant,normative,v0-family-011,hf/microsoft/phi-4,-0.0,0.0,phi4_parser_v3,warrant_related
1.0,0.0,-0.8,warrant_related,baseline,evidence_warrant,normative,v0-family-012,hf/microsoft/phi-4,1.0,-1.0,phi4_parser_v3,warrant_related
0.0,-1.0,0.0,warrant_related,baseline,evidence_warrant,normative,v0-family-013,hf/microsoft/phi-4,1.0,-1.0,phi4_parser_v3,warrant_related
0.0,1.0,0.0,warrant_related,baseline,evidence_warrant,normative,v0-family-014,hf/microsoft/phi-4,1.0,-1.0,phi4_parser_v3,warrant_related
1.0,-1.0,-0.8,warrant_related,baseline,evidence_warrant,normative,v0-family-015,hf/microsoft/phi-4,1.0,-1.0,phi4_parser_v3,warrant_related
1.0,0.0,-0.8,warrant_related,baseline,evidence_warrant,normative,v0-family-016,hf/microsoft/phi-4,1.0,-1.0,phi4_parser_v3,warrant_related
0.0,0.0,0.0,attribution_false,baseline,attribution_authenticity,normative,v0-family-001,hf/Qwen/Qwen3-14B,-0.0,0.0,qwen3_14b_parser_v3,attribution_false
0.0,0.0,0.0,attribution_false,baseline,attribution_authenticity,normative,v0-family-002,hf/Qwen/Qwen3-14B,-0.0,0.0,qwen3_14b_parser_v3,attribution_false
0.0,0.0,0.0,attribution_false,baseline,attribution_authenticity,normative,v0-family-003,hf/Qwen/Qwen3-14B,-0.0,0.0,qwen3_14b_parser_v3,attribution_false
0.0,0.0,0.0,attribution_false,baseline,attribution_authenticity,normative,v0-family-004,hf/Qwen/Qwen3-14B,-0.0,0.0,qwen3_14b_parser_v3,attribution_false
0.0,0.0,0.0,attribution_false,baseline,attribution_authenticity,normative,v0-family-005,hf/Qwen/Qwen3-14B,-0.0,0.0,qwen3_14b_parser_v3,attribution_false
0.0,0.0,0.0,attribution_false,baseline,attribution_authenticity,normative,v0-family-006,hf/Qwen/Qwen3-14B,-0.0,0.0,qwen3_14b_parser_v3,attribution_false
0.0,0.0,0.0,attribution_false,baseline,attribution_authenticity,normative,v0-family-007,hf/Qwen/Qwen3-14B,-0.0,0.0,qwen3_14b_parser_v3,attribution_false
0.0,0.0,0.0,attribution_false,baseline,attribution_authenticity,normative,v0-family-008,hf/Qwen/Qwen3-14B,-0.0,0.0,qwen3_14b_parser_v3,attribution_false
0.0,0.0,0.0,attribution_false,baseline,attribution_authenticity,normative,v0-family-009,hf/Qwen/Qwen3-14B,-0.0,0.0,qwen3_14b_parser_v3,attribution_false
0.0,0.0,0.0,attribution_false,baseline,attribution_authenticity,normative,v0-family-010,hf/Qwen/Qwen3-14B,-0.0,0.0,qwen3_14b_parser_v3,attribution_false
0.0,0.0,0.0,attribution_false,baseline,attribution_authenticity,normative,v0-family-011,hf/Qwen/Qwen3-14B,-0.0,0.0,qwen3_14b_parser_v3,attribution_false
0.0,0.0,0.0,attribution_false,baseline,attribution_authenticity,normative,v0-family-012,hf/Qwen/Qwen3-14B,-0.0,0.0,qwen3_14b_parser_v3,attribution_false
0.0,0.0,0.0,attribution_false,baseline,attribution_authenticity,normative,v0-family-013,hf/Qwen/Qwen3-14B,-0.0,0.0,qwen3_14b_parser_v3,attribution_false
0.0,0.0,0.0,attribution_false,baseline,attribution_authenticity,normative,v0-family-014,hf/Qwen/Qwen3-14B,-0.0,0.0,qwen3_14b_parser_v3,attribution_false
0.0,0.0,0.0,attribution_false,baseline,attribution_authenticity,normative,v0-family-015,hf/Qwen/Qwen3-14B,-0.0,0.0,qwen3_14b_parser_v3,attribution_false
0.0,0.0,0.0,attribution_false,baseline,attribution_authenticity,normative,v0-family-016,hf/Qwen/Qwen3-14B,-0.0,0.0,qwen3_14b_parser_v3,attribution_false
0.0,0.0,0.0,authority_high,baseline,authority_style,heuristic,v0-family-001,hf/Qwen/Qwen3-14B,,0.0,qwen3_14b_parser_v3,authority_high
0.0,0.0,0.0,authority_high,baseline,authority_style,heuristic,v0-family-002,hf/Qwen/Qwen3-14B,,0.0,qwen3_14b_parser_v3,authority_high
0.0,0.0,0.0,authority_high,baseline,authority_style,heuristic,v0-family-003,hf/Qwen/Qwen3-14B,,0.0,qwen3_14b_parser_v3,authority_high
0.0,0.0,0.0,authority_high,baseline,authority_style,heuristic,v0-family-004,hf/Qwen/Qwen3-14B,,0.0,qwen3_14b_parser_v3,authority_high
0.0,0.0,0.0,authority_high,baseline,authority_style,heuristic,v0-family-005,hf/Qwen/Qwen3-14B,,0.0,qwen3_14b_parser_v3,authority_high
0.0,0.0,0.0,authority_high,baseline,authority_style,heuristic,v0-family-006,hf/Qwen/Qwen3-14B,,0.0,qwen3_14b_parser_v3,authority_high
0.0,0.0,0.0,authority_high,baseline,authority_style,heuristic,v0-family-007,hf/Qwen/Qwen3-14B,,0.0,qwen3_14b_parser_v3,authority_high
0.0,0.0,0.0,authority_high,baseline,authority_style,heuristic,v0-family-008,hf/Qwen/Qwen3-14B,,0.0,qwen3_14b_parser_v3,authority_high
0.0,0.0,0.0,authority_high,baseline,authority_style,heuristic,v0-family-009,hf/Qwen/Qwen3-14B,,0.0,qwen3_14b_parser_v3,authority_high
0.0,0.0,0.0,authority_high,baseline,authority_style,heuristic,v0-family-010,hf/Qwen/Qwen3-14B,,0.0,qwen3_14b_parser_v3,authority_high
0.0,0.0,0.0,authority_high,baseline,authority_style,heuristic,v0-family-011,hf/Qwen/Qwen3-14B,,0.0,qwen3_14b_parser_v3,authority_high
0.0,0.0,0.0,authority_high,baseline,authority_style,heuristic,v0-family-012,hf/Qwen/Qwen3-14B,,0.0,qwen3_14b_parser_v3,authority_high
0.0,0.0,0.0,authority_high,baseline,authority_style,heuristic,v0-family-013,hf/Qwen/Qwen3-14B,,0.0,qwen3_14b_parser_v3,authority_high
0.0,0.0,0.0,authority_high,baseline,authority_style,heuristic,v0-family-014,hf/Qwen/Qwen3-14B,,0.0,qwen3_14b_parser_v3,authority_high
0.0,0.0,0.0,authority_high,baseline,authority_style,heuristic,v0-family-015,hf/Qwen/Qwen3-14B,,0.0,qwen3_14b_parser_v3,authority_high
0.0,0.0,0.0,authority_high,baseline,authority_style,heuristic,v0-family-016,hf/Qwen/Qwen3-14B,,0.0,qwen3_14b_parser_v3,authority_high
0.0,0.0,0.0,dependent_copies,baseline,raw_source_count,heuristic,v0-family-001,hf/Qwen/Qwen3-14B,,0.0,qwen3_14b_parser_v3,dependent_copies
0.0,0.0,0.0,dependent_copies,baseline,raw_source_count,heuristic,v0-family-002,hf/Qwen/Qwen3-14B,,0.0,qwen3_14b_parser_v3,dependent_copies
0.0,0.0,0.0,dependent_copies,baseline,raw_source_count,heuristic,v0-family-003,hf/Qwen/Qwen3-14B,,0.0,qwen3_14b_parser_v3,dependent_copies
0.0,0.0,0.0,dependent_copies,baseline,raw_source_count,heuristic,v0-family-004,hf/Qwen/Qwen3-14B,,0.0,qwen3_14b_parser_v3,dependent_copies
0.0,0.0,0.0,dependent_copies,baseline,raw_source_count,heuristic,v0-family-005,hf/Qwen/Qwen3-14B,,0.0,qwen3_14b_parser_v3,dependent_copies
0.0,0.0,0.0,dependent_copies,baseline,raw_source_count,heuristic,v0-family-006,hf/Qwen/Qwen3-14B,,0.0,qwen3_14b_parser_v3,dependent_copies
0.0,0.0,0.0,dependent_copies,baseline,raw_source_count,heuristic,v0-family-007,hf/Qwen/Qwen3-14B,,0.0,qwen3_14b_parser_v3,dependent_copies
0.0,0.0,0.0,dependent_copies,baseline,raw_source_count,heuristic,v0-family-008,hf/Qwen/Qwen3-14B,,0.0,qwen3_14b_parser_v3,dependent_copies
0.0,0.0,0.0,dependent_copies,baseline,raw_source_count,heuristic,v0-family-009,hf/Qwen/Qwen3-14B,,0.0,qwen3_14b_parser_v3,dependent_copies
0.0,0.0,0.0,dependent_copies,baseline,raw_source_count,heuristic,v0-family-010,hf/Qwen/Qwen3-14B,,0.0,qwen3_14b_parser_v3,dependent_copies
0.0,0.0,0.0,dependent_copies,baseline,raw_source_count,heuristic,v0-family-011,hf/Qwen/Qwen3-14B,,0.0,qwen3_14b_parser_v3,dependent_copies
0.0,0.0,0.0,dependent_copies,baseline,raw_source_count,heuristic,v0-family-012,hf/Qwen/Qwen3-14B,,0.0,qwen3_14b_parser_v3,dependent_copies
0.0,0.0,0.0,dependent_copies,baseline,raw_source_count,heuristic,v0-family-013,hf/Qwen/Qwen3-14B,,0.0,qwen3_14b_parser_v3,dependent_copies
0.0,0.0,0.0,dependent_copies,baseline,raw_source_count,heuristic,v0-family-014,hf/Qwen/Qwen3-14B,,0.0,qwen3_14b_parser_v3,dependent_copies
0.0,0.0,0.0,dependent_copies,baseline,raw_source_count,heuristic,v0-family-015,hf/Qwen/Qwen3-14B,,0.0,qwen3_14b_parser_v3,dependent_copies
0.0,0.0,0.0,dependent_copies,baseline,raw_source_count,heuristic,v0-family-016,hf/Qwen/Qwen3-14B,,0.0,qwen3_14b_parser_v3,dependent_copies
0.0,0.0,0.0,document_long,baseline,document_length,heuristic,v0-family-001,hf/Qwen/Qwen3-14B,,0.0,qwen3_14b_parser_v3,document_long
0.0,0.0,0.0,document_long,baseline,document_length,heuristic,v0-family-002,hf/Qwen/Qwen3-14B,,0.0,qwen3_14b_parser_v3,document_long
0.0,0.0,0.0,document_long,baseline,document_length,heuristic,v0-family-003,hf/Qwen/Qwen3-14B,,0.0,qwen3_14b_parser_v3,document_long
0.0,0.0,0.0,document_long,baseline,document_length,heuristic,v0-family-004,hf/Qwen/Qwen3-14B,,0.0,qwen3_14b_parser_v3,document_long
0.0,0.0,0.0,document_long,baseline,document_length,heuristic,v0-family-005,hf/Qwen/Qwen3-14B,,0.0,qwen3_14b_parser_v3,document_long
0.0,0.0,0.0,document_long,baseline,document_length,heuristic,v0-family-006,hf/Qwen/Qwen3-14B,,0.0,qwen3_14b_parser_v3,document_long
0.0,0.0,0.0,document_long,baseline,document_length,heuristic,v0-family-007,hf/Qwen/Qwen3-14B,,0.0,qwen3_14b_parser_v3,document_long
0.0,0.0,0.0,document_long,baseline,document_length,heuristic,v0-family-008,hf/Qwen/Qwen3-14B,,0.0,qwen3_14b_parser_v3,document_long
0.0,0.0,0.0,document_long,baseline,document_length,heuristic,v0-family-009,hf/Qwen/Qwen3-14B,,0.0,qwen3_14b_parser_v3,document_long
0.0,0.0,0.0,document_long,baseline,document_length,heuristic,v0-family-010,hf/Qwen/Qwen3-14B,,0.0,qwen3_14b_parser_v3,document_long
0.0,0.0,0.0,document_long,baseline,document_length,heuristic,v0-family-011,hf/Qwen/Qwen3-14B,,0.0,qwen3_14b_parser_v3,document_long
0.0,0.0,0.0,document_long,baseline,document_length,heuristic,v0-family-012,hf/Qwen/Qwen3-14B,,0.0,qwen3_14b_parser_v3,document_long
0.0,0.0,0.0,document_long,baseline,document_length,heuristic,v0-family-013,hf/Qwen/Qwen3-14B,,0.0,qwen3_14b_parser_v3,document_long
0.0,0.0,0.0,document_long,baseline,document_length,heuristic,v0-family-014,hf/Qwen/Qwen3-14B,,0.0,qwen3_14b_parser_v3,document_long
0.0,0.0,0.0,document_long,baseline,document_length,heuristic,v0-family-015,hf/Qwen/Qwen3-14B,,0.0,qwen3_14b_parser_v3,document_long
0.0,0.0,0.0,document_long,baseline,document_length,heuristic,v0-family-016,hf/Qwen/Qwen3-14B,,0.0,qwen3_14b_parser_v3,document_long
0.0,0.0,0.0,familiarity_high,baseline,familiarity,heuristic,v0-family-001,hf/Qwen/Qwen3-14B,,0.0,qwen3_14b_parser_v3,familiarity_high
0.0,0.0,0.0,familiarity_high,baseline,familiarity,heuristic,v0-family-002,hf/Qwen/Qwen3-14B,,0.0,qwen3_14b_parser_v3,familiarity_high
0.0,0.0,0.0,familiarity_high,baseline,familiarity,heuristic,v0-family-003,hf/Qwen/Qwen3-14B,,0.0,qwen3_14b_parser_v3,familiarity_high
0.0,0.0,0.0,familiarity_high,baseline,familiarity,heuristic,v0-family-004,hf/Qwen/Qwen3-14B,,0.0,qwen3_14b_parser_v3,familiarity_high
0.0,0.0,0.0,familiarity_high,baseline,familiarity,heuristic,v0-family-005,hf/Qwen/Qwen3-14B,,0.0,qwen3_14b_parser_v3,familiarity_high
0.0,0.0,0.0,familiarity_high,baseline,familiarity,heuristic,v0-family-006,hf/Qwen/Qwen3-14B,,0.0,qwen3_14b_parser_v3,familiarity_high
0.0,0.0,0.0,familiarity_high,baseline,familiarity,heuristic,v0-family-007,hf/Qwen/Qwen3-14B,,0.0,qwen3_14b_parser_v3,familiarity_high
0.0,0.0,0.0,familiarity_high,baseline,familiarity,heuristic,v0-family-008,hf/Qwen/Qwen3-14B,,0.0,qwen3_14b_parser_v3,familiarity_high
0.0,0.0,0.0,familiarity_high,baseline,familiarity,heuristic,v0-family-009,hf/Qwen/Qwen3-14B,,0.0,qwen3_14b_parser_v3,familiarity_high
0.0,0.0,0.0,familiarity_high,baseline,familiarity,heuristic,v0-family-010,hf/Qwen/Qwen3-14B,,0.0,qwen3_14b_parser_v3,familiarity_high
0.0,0.0,0.0,familiarity_high,baseline,familiarity,heuristic,v0-family-011,hf/Qwen/Qwen3-14B,,0.0,qwen3_14b_parser_v3,familiarity_high
0.0,0.0,0.0,familiarity_high,baseline,familiarity,heuristic,v0-family-012,hf/Qwen/Qwen3-14B,,0.0,qwen3_14b_parser_v3,familiarity_high
0.0,0.0,0.0,familiarity_high,baseline,familiarity,heuristic,v0-family-013,hf/Qwen/Qwen3-14B,,0.0,qwen3_14b_parser_v3,familiarity_high
0.0,0.0,0.0,familiarity_high,baseline,familiarity,heuristic,v0-family-014,hf/Qwen/Qwen3-14B,,0.0,qwen3_14b_parser_v3,familiarity_high
0.0,0.0,0.0,familiarity_high,baseline,familiarity,heuristic,v0-family-015,hf/Qwen/Qwen3-14B,,0.0,qwen3_14b_parser_v3,familiarity_high
0.0,0.0,0.0,familiarity_high,baseline,familiarity,heuristic,v0-family-016,hf/Qwen/Qwen3-14B,,0.0,qwen3_14b_parser_v3,familiarity_high
0.0,0.0,0.0,identity_false,attribution_false,identity_authenticity,normative,v0-family-001,hf/Qwen/Qwen3-14B,-0.0,0.0,qwen3_14b_parser_v3,identity_false
0.0,0.0,0.0,identity_false,attribution_false,identity_authenticity,normative,v0-family-002,hf/Qwen/Qwen3-14B,-0.0,0.0,qwen3_14b_parser_v3,identity_false
0.0,0.0,0.0,identity_false,attribution_false,identity_authenticity,normative,v0-family-003,hf/Qwen/Qwen3-14B,-0.0,0.0,qwen3_14b_parser_v3,identity_false
0.0,0.0,0.0,identity_false,attribution_false,identity_authenticity,normative,v0-family-004,hf/Qwen/Qwen3-14B,-0.0,0.0,qwen3_14b_parser_v3,identity_false
0.0,0.0,0.0,identity_false,attribution_false,identity_authenticity,normative,v0-family-005,hf/Qwen/Qwen3-14B,-0.0,0.0,qwen3_14b_parser_v3,identity_false
0.0,0.0,0.0,identity_false,attribution_false,identity_authenticity,normative,v0-family-006,hf/Qwen/Qwen3-14B,-0.0,0.0,qwen3_14b_parser_v3,identity_false
0.0,0.0,0.0,identity_false,attribution_false,identity_authenticity,normative,v0-family-007,hf/Qwen/Qwen3-14B,-0.0,0.0,qwen3_14b_parser_v3,identity_false
0.0,0.0,0.0,identity_false,attribution_false,identity_authenticity,normative,v0-family-008,hf/Qwen/Qwen3-14B,-0.0,0.0,qwen3_14b_parser_v3,identity_false
0.0,0.0,0.0,identity_false,attribution_false,identity_authenticity,normative,v0-family-009,hf/Qwen/Qwen3-14B,-0.0,0.0,qwen3_14b_parser_v3,identity_false
0.0,0.0,0.0,identity_false,attribution_false,identity_authenticity,normative,v0-family-010,hf/Qwen/Qwen3-14B,-0.0,0.0,qwen3_14b_parser_v3,identity_false
0.0,0.0,0.0,identity_false,attribution_false,identity_authenticity,normative,v0-family-011,hf/Qwen/Qwen3-14B,-0.0,0.0,qwen3_14b_parser_v3,identity_false
0.0,0.0,0.0,identity_false,attribution_false,identity_authenticity,normative,v0-family-012,hf/Qwen/Qwen3-14B,-0.0,0.0,qwen3_14b_parser_v3,identity_false
0.0,0.0,0.0,identity_false,attribution_false,identity_authenticity,normative,v0-family-013,hf/Qwen/Qwen3-14B,-0.0,0.0,qwen3_14b_parser_v3,identity_false
0.0,0.0,0.0,identity_false,attribution_false,identity_authenticity,normative,v0-family-014,hf/Qwen/Qwen3-14B,-0.0,0.0,qwen3_14b_parser_v3,identity_false
0.0,0.0,0.0,identity_false,attribution_false,identity_authenticity,normative,v0-family-015,hf/Qwen/Qwen3-14B,-0.0,0.0,qwen3_14b_parser_v3,identity_false
0.0,0.0,0.0,identity_false,attribution_false,identity_authenticity,normative,v0-family-016,hf/Qwen/Qwen3-14B,-0.0,0.0,qwen3_14b_parser_v3,identity_false
0.0,0.0,0.0,independent_roots,dependent_copies,source_independence,normative,v0-family-001,hf/Qwen/Qwen3-14B,0.0,0.0,qwen3_14b_parser_v3,independent_roots
0.0,0.0,0.0,independent_roots,dependent_copies,source_independence,normative,v0-family-002,hf/Qwen/Qwen3-14B,0.0,0.0,qwen3_14b_parser_v3,independent_roots
0.0,0.0,0.0,independent_roots,dependent_copies,source_independence,normative,v0-family-003,hf/Qwen/Qwen3-14B,0.0,0.0,qwen3_14b_parser_v3,independent_roots
0.0,0.0,0.0,independent_roots,dependent_copies,source_independence,normative,v0-family-004,hf/Qwen/Qwen3-14B,0.0,0.0,qwen3_14b_parser_v3,independent_roots
0.0,0.0,0.0,independent_roots,dependent_copies,source_independence,normative,v0-family-005,hf/Qwen/Qwen3-14B,0.0,0.0,qwen3_14b_parser_v3,independent_roots
0.0,0.0,0.0,independent_roots,dependent_copies,source_independence,normative,v0-family-006,hf/Qwen/Qwen3-14B,0.0,0.0,qwen3_14b_parser_v3,independent_roots
0.0,0.0,0.0,independent_roots,dependent_copies,source_independence,normative,v0-family-007,hf/Qwen/Qwen3-14B,0.0,0.0,qwen3_14b_parser_v3,independent_roots
0.0,0.0,0.0,independent_roots,dependent_copies,source_independence,normative,v0-family-008,hf/Qwen/Qwen3-14B,0.0,0.0,qwen3_14b_parser_v3,independent_roots
0.0,0.0,0.0,independent_roots,dependent_copies,source_independence,normative,v0-family-009,hf/Qwen/Qwen3-14B,0.0,0.0,qwen3_14b_parser_v3,independent_roots
0.0,0.0,0.0,independent_roots,dependent_copies,source_independence,normative,v0-family-010,hf/Qwen/Qwen3-14B,0.0,0.0,qwen3_14b_parser_v3,independent_roots
0.0,0.0,0.0,independent_roots,dependent_copies,source_independence,normative,v0-family-011,hf/Qwen/Qwen3-14B,0.0,0.0,qwen3_14b_parser_v3,independent_roots
0.0,0.0,0.0,independent_roots,dependent_copies,source_independence,normative,v0-family-012,hf/Qwen/Qwen3-14B,0.0,0.0,qwen3_14b_parser_v3,independent_roots
0.0,0.0,0.0,independent_roots,dependent_copies,source_independence,normative,v0-family-013,hf/Qwen/Qwen3-14B,0.0,0.0,qwen3_14b_parser_v3,independent_roots
0.0,0.0,0.0,independent_roots,dependent_copies,source_independence,normative,v0-family-014,hf/Qwen/Qwen3-14B,0.0,0.0,qwen3_14b_parser_v3,independent_roots
0.0,0.0,0.0,independent_roots,dependent_copies,source_independence,normative,v0-family-015,hf/Qwen/Qwen3-14B,0.0,0.0,qwen3_14b_parser_v3,independent_roots
0.0,0.0,0.0,independent_roots,dependent_copies,source_independence,normative,v0-family-016,hf/Qwen/Qwen3-14B,0.0,0.0,qwen3_14b_parser_v3,independent_roots
0.0,0.0,0.0,popularity_high,baseline,popularity,heuristic,v0-family-001,hf/Qwen/Qwen3-14B,,0.0,qwen3_14b_parser_v3,popularity_high
0.0,0.0,0.0,popularity_high,baseline,popularity,heuristic,v0-family-002,hf/Qwen/Qwen3-14B,,0.0,qwen3_14b_parser_v3,popularity_high
0.0,0.0,0.0,popularity_high,baseline,popularity,heuristic,v0-family-003,hf/Qwen/Qwen3-14B,,0.0,qwen3_14b_parser_v3,popularity_high
0.0,0.0,0.0,popularity_high,baseline,popularity,heuristic,v0-family-004,hf/Qwen/Qwen3-14B,,0.0,qwen3_14b_parser_v3,popularity_high
0.0,0.0,0.0,popularity_high,baseline,popularity,heuristic,v0-family-005,hf/Qwen/Qwen3-14B,,0.0,qwen3_14b_parser_v3,popularity_high
0.0,0.0,0.0,popularity_high,baseline,popularity,heuristic,v0-family-006,hf/Qwen/Qwen3-14B,,0.0,qwen3_14b_parser_v3,popularity_high
0.0,0.0,0.0,popularity_high,baseline,popularity,heuristic,v0-family-007,hf/Qwen/Qwen3-14B,,0.0,qwen3_14b_parser_v3,popularity_high
0.0,0.0,0.0,popularity_high,baseline,popularity,heuristic,v0-family-008,hf/Qwen/Qwen3-14B,,0.0,qwen3_14b_parser_v3,popularity_high
0.0,0.0,0.0,popularity_high,baseline,popularity,heuristic,v0-family-009,hf/Qwen/Qwen3-14B,,0.0,qwen3_14b_parser_v3,popularity_high
0.0,0.0,0.0,popularity_high,baseline,popularity,heuristic,v0-family-010,hf/Qwen/Qwen3-14B,,0.0,qwen3_14b_parser_v3,popularity_high
0.0,0.0,0.0,popularity_high,baseline,popularity,heuristic,v0-family-011,hf/Qwen/Qwen3-14B,,0.0,qwen3_14b_parser_v3,popularity_high
0.0,0.0,0.0,popularity_high,baseline,popularity,heuristic,v0-family-012,hf/Qwen/Qwen3-14B,,0.0,qwen3_14b_parser_v3,popularity_high
0.0,0.0,0.0,popularity_high,baseline,popularity,heuristic,v0-family-013,hf/Qwen/Qwen3-14B,,0.0,qwen3_14b_parser_v3,popularity_high
0.0,0.0,0.0,popularity_high,baseline,popularity,heuristic,v0-family-014,hf/Qwen/Qwen3-14B,,0.0,qwen3_14b_parser_v3,popularity_high
0.0,0.0,0.0,popularity_high,baseline,popularity,heuristic,v0-family-015,hf/Qwen/Qwen3-14B,,0.0,qwen3_14b_parser_v3,popularity_high
0.0,0.0,0.0,popularity_high,baseline,popularity,heuristic,v0-family-016,hf/Qwen/Qwen3-14B,,0.0,qwen3_14b_parser_v3,popularity_high
0.0,0.0,0.0,position_late,baseline,document_position,heuristic,v0-family-001,hf/Qwen/Qwen3-14B,,0.0,qwen3_14b_parser_v3,position_late
0.0,0.0,0.0,position_late,baseline,document_position,heuristic,v0-family-002,hf/Qwen/Qwen3-14B,,0.0,qwen3_14b_parser_v3,position_late
0.0,0.0,0.0,position_late,baseline,document_position,heuristic,v0-family-003,hf/Qwen/Qwen3-14B,,0.0,qwen3_14b_parser_v3,position_late
0.0,0.0,0.0,position_late,baseline,document_position,heuristic,v0-family-004,hf/Qwen/Qwen3-14B,,0.0,qwen3_14b_parser_v3,position_late
0.0,0.0,0.0,position_late,baseline,document_position,heuristic,v0-family-005,hf/Qwen/Qwen3-14B,,0.0,qwen3_14b_parser_v3,position_late
0.0,0.0,0.0,position_late,baseline,document_position,heuristic,v0-family-006,hf/Qwen/Qwen3-14B,,0.0,qwen3_14b_parser_v3,position_late
0.0,0.0,0.0,position_late,baseline,document_position,heuristic,v0-family-007,hf/Qwen/Qwen3-14B,,0.0,qwen3_14b_parser_v3,position_late
0.0,0.0,0.0,position_late,baseline,document_position,heuristic,v0-family-008,hf/Qwen/Qwen3-14B,,0.0,qwen3_14b_parser_v3,position_late
0.0,0.0,0.0,position_late,baseline,document_position,heuristic,v0-family-009,hf/Qwen/Qwen3-14B,,0.0,qwen3_14b_parser_v3,position_late
0.0,0.0,0.0,position_late,baseline,document_position,heuristic,v0-family-010,hf/Qwen/Qwen3-14B,,0.0,qwen3_14b_parser_v3,position_late
0.0,0.0,0.0,position_late,baseline,document_position,heuristic,v0-family-011,hf/Qwen/Qwen3-14B,,0.0,qwen3_14b_parser_v3,position_late
0.0,0.0,0.0,position_late,baseline,document_position,heuristic,v0-family-012,hf/Qwen/Qwen3-14B,,0.0,qwen3_14b_parser_v3,position_late
0.0,0.0,0.0,position_late,baseline,document_position,heuristic,v0-family-013,hf/Qwen/Qwen3-14B,,0.0,qwen3_14b_parser_v3,position_late
0.0,0.0,0.0,position_late,baseline,document_position,heuristic,v0-family-014,hf/Qwen/Qwen3-14B,,0.0,qwen3_14b_parser_v3,position_late
0.0,0.0,0.0,position_late,baseline,document_position,heuristic,v0-family-015,hf/Qwen/Qwen3-14B,,0.0,qwen3_14b_parser_v3,position_late
0.0,0.0,0.0,position_late,baseline,document_position,heuristic,v0-family-016,hf/Qwen/Qwen3-14B,,0.0,qwen3_14b_parser_v3,position_late
0.0,0.0,0.0,precision_high,baseline,precision_detail,heuristic,v0-family-001,hf/Qwen/Qwen3-14B,,0.0,qwen3_14b_parser_v3,precision_high
0.0,0.0,0.0,precision_high,baseline,precision_detail,heuristic,v0-family-002,hf/Qwen/Qwen3-14B,,0.0,qwen3_14b_parser_v3,precision_high
0.0,0.0,0.0,precision_high,baseline,precision_detail,heuristic,v0-family-003,hf/Qwen/Qwen3-14B,,0.0,qwen3_14b_parser_v3,precision_high
0.0,0.0,0.0,precision_high,baseline,precision_detail,heuristic,v0-family-004,hf/Qwen/Qwen3-14B,,0.0,qwen3_14b_parser_v3,precision_high
0.0,0.0,0.0,precision_high,baseline,precision_detail,heuristic,v0-family-005,hf/Qwen/Qwen3-14B,,0.0,qwen3_14b_parser_v3,precision_high
0.0,0.0,0.0,precision_high,baseline,precision_detail,heuristic,v0-family-006,hf/Qwen/Qwen3-14B,,0.0,qwen3_14b_parser_v3,precision_high
0.0,0.0,0.0,precision_high,baseline,precision_detail,heuristic,v0-family-007,hf/Qwen/Qwen3-14B,,0.0,qwen3_14b_parser_v3,precision_high
0.0,0.0,0.0,precision_high,baseline,precision_detail,heuristic,v0-family-008,hf/Qwen/Qwen3-14B,,0.0,qwen3_14b_parser_v3,precision_high
0.0,0.0,0.0,precision_high,baseline,precision_detail,heuristic,v0-family-009,hf/Qwen/Qwen3-14B,,0.0,qwen3_14b_parser_v3,precision_high
0.0,0.0,0.0,precision_high,baseline,precision_detail,heuristic,v0-family-010,hf/Qwen/Qwen3-14B,,0.0,qwen3_14b_parser_v3,precision_high
0.0,0.0,0.0,precision_high,baseline,precision_detail,heuristic,v0-family-011,hf/Qwen/Qwen3-14B,,0.0,qwen3_14b_parser_v3,precision_high
0.0,0.0,0.0,precision_high,baseline,precision_detail,heuristic,v0-family-012,hf/Qwen/Qwen3-14B,,0.0,qwen3_14b_parser_v3,precision_high
0.0,0.0,0.0,precision_high,baseline,precision_detail,heuristic,v0-family-013,hf/Qwen/Qwen3-14B,,0.0,qwen3_14b_parser_v3,precision_high
0.0,0.0,0.0,precision_high,baseline,precision_detail,heuristic,v0-family-014,hf/Qwen/Qwen3-14B,,0.0,qwen3_14b_parser_v3,precision_high
0.0,0.0,0.0,precision_high,baseline,precision_detail,heuristic,v0-family-015,hf/Qwen/Qwen3-14B,,0.0,qwen3_14b_parser_v3,precision_high
0.0,0.0,0.0,precision_high,baseline,precision_detail,heuristic,v0-family-016,hf/Qwen/Qwen3-14B,,0.0,qwen3_14b_parser_v3,precision_high
0.0,0.0,-0.6000000000000001,reliability_low,baseline,claim_conditioned_reliability,normative,v0-family-001,hf/Qwen/Qwen3-14B,-0.0,0.0,qwen3_14b_parser_v3,reliability_low
0.0,0.0,-0.6000000000000001,reliability_low,baseline,claim_conditioned_reliability,normative,v0-family-002,hf/Qwen/Qwen3-14B,-0.0,0.0,qwen3_14b_parser_v3,reliability_low
0.0,0.0,-0.6000000000000001,reliability_low,baseline,claim_conditioned_reliability,normative,v0-family-003,hf/Qwen/Qwen3-14B,-0.0,0.0,qwen3_14b_parser_v3,reliability_low
0.0,0.0,-0.6000000000000001,reliability_low,baseline,claim_conditioned_reliability,normative,v0-family-004,hf/Qwen/Qwen3-14B,-0.0,0.0,qwen3_14b_parser_v3,reliability_low
0.0,0.0,-0.6000000000000001,reliability_low,baseline,claim_conditioned_reliability,normative,v0-family-005,hf/Qwen/Qwen3-14B,-0.0,0.0,qwen3_14b_parser_v3,reliability_low
0.0,0.0,-0.6000000000000001,reliability_low,baseline,claim_conditioned_reliability,normative,v0-family-006,hf/Qwen/Qwen3-14B,-0.0,0.0,qwen3_14b_parser_v3,reliability_low
0.0,0.0,-0.6000000000000001,reliability_low,baseline,claim_conditioned_reliability,normative,v0-family-007,hf/Qwen/Qwen3-14B,-0.0,0.0,qwen3_14b_parser_v3,reliability_low
0.0,0.0,-0.6000000000000001,reliability_low,baseline,claim_conditioned_reliability,normative,v0-family-008,hf/Qwen/Qwen3-14B,-0.0,0.0,qwen3_14b_parser_v3,reliability_low
0.0,0.0,-0.6000000000000001,reliability_low,baseline,claim_conditioned_reliability,normative,v0-family-009,hf/Qwen/Qwen3-14B,-0.0,0.0,qwen3_14b_parser_v3,reliability_low
0.0,0.0,-0.6000000000000001,reliability_low,baseline,claim_conditioned_reliability,normative,v0-family-010,hf/Qwen/Qwen3-14B,-0.0,0.0,qwen3_14b_parser_v3,reliability_low
0.0,0.0,-0.6000000000000001,reliability_low,baseline,claim_conditioned_reliability,normative,v0-family-011,hf/Qwen/Qwen3-14B,-0.0,0.0,qwen3_14b_parser_v3,reliability_low
0.0,0.0,-0.6000000000000001,reliability_low,baseline,claim_conditioned_reliability,normative,v0-family-012,hf/Qwen/Qwen3-14B,-0.0,0.0,qwen3_14b_parser_v3,reliability_low
0.0,0.0,-0.6000000000000001,reliability_low,baseline,claim_conditioned_reliability,normative,v0-family-013,hf/Qwen/Qwen3-14B,-0.0,0.0,qwen3_14b_parser_v3,reliability_low
0.0,0.0,-0.6000000000000001,reliability_low,baseline,claim_conditioned_reliability,normative,v0-family-014,hf/Qwen/Qwen3-14B,-0.0,0.0,qwen3_14b_parser_v3,reliability_low
0.0,0.0,-0.6000000000000001,reliability_low,baseline,claim_conditioned_reliability,normative,v0-family-015,hf/Qwen/Qwen3-14B,-0.0,0.0,qwen3_14b_parser_v3,reliability_low
0.0,0.0,-0.6000000000000001,reliability_low,baseline,claim_conditioned_reliability,normative,v0-family-016,hf/Qwen/Qwen3-14B,-0.0,0.0,qwen3_14b_parser_v3,reliability_low
0.0,0.0,0.0,user_endorsed,baseline,user_endorsement,heuristic,v0-family-001,hf/Qwen/Qwen3-14B,,0.0,qwen3_14b_parser_v3,user_endorsed
0.0,0.0,0.0,user_endorsed,baseline,user_endorsement,heuristic,v0-family-002,hf/Qwen/Qwen3-14B,,0.0,qwen3_14b_parser_v3,user_endorsed
0.0,0.0,0.0,user_endorsed,baseline,user_endorsement,heuristic,v0-family-003,hf/Qwen/Qwen3-14B,,0.0,qwen3_14b_parser_v3,user_endorsed
0.0,0.0,0.0,user_endorsed,baseline,user_endorsement,heuristic,v0-family-004,hf/Qwen/Qwen3-14B,,0.0,qwen3_14b_parser_v3,user_endorsed
0.0,0.0,0.0,user_endorsed,baseline,user_endorsement,heuristic,v0-family-005,hf/Qwen/Qwen3-14B,,0.0,qwen3_14b_parser_v3,user_endorsed
0.0,0.0,0.0,user_endorsed,baseline,user_endorsement,heuristic,v0-family-006,hf/Qwen/Qwen3-14B,,0.0,qwen3_14b_parser_v3,user_endorsed
0.0,0.0,0.0,user_endorsed,baseline,user_endorsement,heuristic,v0-family-007,hf/Qwen/Qwen3-14B,,0.0,qwen3_14b_parser_v3,user_endorsed
0.0,0.0,0.0,user_endorsed,baseline,user_endorsement,heuristic,v0-family-008,hf/Qwen/Qwen3-14B,,0.0,qwen3_14b_parser_v3,user_endorsed
0.0,0.0,0.0,user_endorsed,baseline,user_endorsement,heuristic,v0-family-009,hf/Qwen/Qwen3-14B,,0.0,qwen3_14b_parser_v3,user_endorsed
0.0,0.0,0.0,user_endorsed,baseline,user_endorsement,heuristic,v0-family-010,hf/Qwen/Qwen3-14B,,0.0,qwen3_14b_parser_v3,user_endorsed
0.0,0.0,0.0,user_endorsed,baseline,user_endorsement,heuristic,v0-family-011,hf/Qwen/Qwen3-14B,,0.0,qwen3_14b_parser_v3,user_endorsed
0.0,0.0,0.0,user_endorsed,baseline,user_endorsement,heuristic,v0-family-012,hf/Qwen/Qwen3-14B,,0.0,qwen3_14b_parser_v3,user_endorsed
0.0,0.0,0.0,user_endorsed,baseline,user_endorsement,heuristic,v0-family-013,hf/Qwen/Qwen3-14B,,0.0,qwen3_14b_parser_v3,user_endorsed
0.0,0.0,0.0,user_endorsed,baseline,user_endorsement,heuristic,v0-family-014,hf/Qwen/Qwen3-14B,,0.0,qwen3_14b_parser_v3,user_endorsed
0.0,0.0,0.0,user_endorsed,baseline,user_endorsement,heuristic,v0-family-015,hf/Qwen/Qwen3-14B,,0.0,qwen3_14b_parser_v3,user_endorsed
0.0,0.0,0.0,user_endorsed,baseline,user_endorsement,heuristic,v0-family-016,hf/Qwen/Qwen3-14B,,0.0,qwen3_14b_parser_v3,user_endorsed
0.0,-1.0,0.0,warrant_contradiction,baseline,evidence_warrant,normative,v0-family-001,hf/Qwen/Qwen3-14B,1.0,-1.0,qwen3_14b_parser_v3,warrant_contradiction
0.0,1.0,0.0,warrant_contradiction,baseline,evidence_warrant,normative,v0-family-002,hf/Qwen/Qwen3-14B,1.0,-1.0,qwen3_14b_parser_v3,warrant_contradiction
0.0,0.0,0.0,warrant_contradiction,baseline,evidence_warrant,normative,v0-family-003,hf/Qwen/Qwen3-14B,-0.0,0.0,qwen3_14b_parser_v3,warrant_contradiction
0.0,0.0,0.0,warrant_contradiction,baseline,evidence_warrant,normative,v0-family-004,hf/Qwen/Qwen3-14B,-0.0,0.0,qwen3_14b_parser_v3,warrant_contradiction
0.0,-1.0,0.0,warrant_contradiction,baseline,evidence_warrant,normative,v0-family-005,hf/Qwen/Qwen3-14B,1.0,-1.0,qwen3_14b_parser_v3,warrant_contradiction
0.0,1.0,0.0,warrant_contradiction,baseline,evidence_warrant,normative,v0-family-006,hf/Qwen/Qwen3-14B,1.0,-1.0,qwen3_14b_parser_v3,warrant_contradiction
0.0,0.0,0.0,warrant_contradiction,baseline,evidence_warrant,normative,v0-family-007,hf/Qwen/Qwen3-14B,-0.0,0.0,qwen3_14b_parser_v3,warrant_contradiction
0.0,0.0,0.0,warrant_contradiction,baseline,evidence_warrant,normative,v0-family-008,hf/Qwen/Qwen3-14B,-0.0,0.0,qwen3_14b_parser_v3,warrant_contradiction
0.0,-1.0,0.0,warrant_contradiction,baseline,evidence_warrant,normative,v0-family-009,hf/Qwen/Qwen3-14B,1.0,-1.0,qwen3_14b_parser_v3,warrant_contradiction
0.0,1.0,0.0,warrant_contradiction,baseline,evidence_warrant,normative,v0-family-010,hf/Qwen/Qwen3-14B,1.0,-1.0,qwen3_14b_parser_v3,warrant_contradiction
0.0,0.0,0.0,warrant_contradiction,baseline,evidence_warrant,normative,v0-family-011,hf/Qwen/Qwen3-14B,-0.0,0.0,qwen3_14b_parser_v3,warrant_contradiction
0.0,0.0,0.0,warrant_contradiction,baseline,evidence_warrant,normative,v0-family-012,hf/Qwen/Qwen3-14B,-0.0,0.0,qwen3_14b_parser_v3,warrant_contradiction
0.0,-1.0,0.0,warrant_contradiction,baseline,evidence_warrant,normative,v0-family-013,hf/Qwen/Qwen3-14B,1.0,-1.0,qwen3_14b_parser_v3,warrant_contradiction
0.0,1.0,0.0,warrant_contradiction,baseline,evidence_warrant,normative,v0-family-014,hf/Qwen/Qwen3-14B,1.0,-1.0,qwen3_14b_parser_v3,warrant_contradiction
0.0,0.0,0.0,warrant_contradiction,baseline,evidence_warrant,normative,v0-family-015,hf/Qwen/Qwen3-14B,-0.0,0.0,qwen3_14b_parser_v3,warrant_contradiction
0.0,0.0,0.0,warrant_contradiction,baseline,evidence_warrant,normative,v0-family-016,hf/Qwen/Qwen3-14B,-0.0,0.0,qwen3_14b_parser_v3,warrant_contradiction
0.0,-1.0,0.0,warrant_related,baseline,evidence_warrant,normative,v0-family-001,hf/Qwen/Qwen3-14B,1.0,-1.0,qwen3_14b_parser_v3,warrant_related
1.0,0.0,-0.8,warrant_related,baseline,evidence_warrant,normative,v0-family-002,hf/Qwen/Qwen3-14B,1.0,-1.0,qwen3_14b_parser_v3,warrant_related
0.0,0.0,0.0,warrant_related,baseline,evidence_warrant,normative,v0-family-003,hf/Qwen/Qwen3-14B,-0.0,0.0,qwen3_14b_parser_v3,warrant_related
0.0,0.0,0.0,warrant_related,baseline,evidence_warrant,normative,v0-family-004,hf/Qwen/Qwen3-14B,-0.0,0.0,qwen3_14b_parser_v3,warrant_related
0.0,-1.0,0.0,warrant_related,baseline,evidence_warrant,normative,v0-family-005,hf/Qwen/Qwen3-14B,1.0,-1.0,qwen3_14b_parser_v3,warrant_related
1.0,0.0,-0.8,warrant_related,baseline,evidence_warrant,normative,v0-family-006,hf/Qwen/Qwen3-14B,1.0,-1.0,qwen3_14b_parser_v3,warrant_related
0.0,0.0,0.0,warrant_related,baseline,evidence_warrant,normative,v0-family-007,hf/Qwen/Qwen3-14B,-0.0,0.0,qwen3_14b_parser_v3,warrant_related
0.0,0.0,0.0,warrant_related,baseline,evidence_warrant,normative,v0-family-008,hf/Qwen/Qwen3-14B,-0.0,0.0,qwen3_14b_parser_v3,warrant_related
0.0,-1.0,0.0,warrant_related,baseline,evidence_warrant,normative,v0-family-009,hf/Qwen/Qwen3-14B,1.0,-1.0,qwen3_14b_parser_v3,warrant_related
0.0,1.0,0.0,warrant_related,baseline,evidence_warrant,normative,v0-family-010,hf/Qwen/Qwen3-14B,1.0,-1.0,qwen3_14b_parser_v3,warrant_related
0.0,0.0,0.0,warrant_related,baseline,evidence_warrant,normative,v0-family-011,hf/Qwen/Qwen3-14B,-0.0,0.0,qwen3_14b_parser_v3,warrant_related
0.0,0.0,0.0,warrant_related,baseline,evidence_warrant,normative,v0-family-012,hf/Qwen/Qwen3-14B,-0.0,0.0,qwen3_14b_parser_v3,warrant_related
0.0,-1.0,0.0,warrant_related,baseline,evidence_warrant,normative,v0-family-013,hf/Qwen/Qwen3-14B,1.0,-1.0,qwen3_14b_parser_v3,warrant_related
0.0,1.0,0.0,warrant_related,baseline,evidence_warrant,normative,v0-family-014,hf/Qwen/Qwen3-14B,1.0,-1.0,qwen3_14b_parser_v3,warrant_related
0.0,0.0,0.0,warrant_related,baseline,evidence_warrant,normative,v0-family-015,hf/Qwen/Qwen3-14B,-0.0,0.0,qwen3_14b_parser_v3,warrant_related
0.0,0.0,0.0,warrant_related,baseline,evidence_warrant,normative,v0-family-016,hf/Qwen/Qwen3-14B,-0.0,0.0,qwen3_14b_parser_v3,warrant_related
